<?xml version="1.0"?>
<?xml-stylesheet type="text/xsl" href="http://jsbsim.sourceforge.net/JSBSim.xsl"?>
<fdm_config 
  name="ah1s"
  version="2.0"
  release="ALPHA"
  xmlns:xsi="http://www.w3.org/2001/XMLSchema-instance"
  xsi:noNamespaceSchemaLocation="http://jsbsim.sourceforge.net/JSBSim.xsd">

  <fileheader>
    <author> Thomas Kreitler </author>
    <email> t.kreitler at web dot de </email>
    <filecreationdate>2010-10-07</filecreationdate>
    <version>$Revision: 1.4 $</version>
    <description> Models a Bell209/AH1S helicopter. </description>

    <reference
      refID=  "TA82"
      author= "Talbot, Peter D., Tinling, Bruce E., Decker, William A., and Chen, Robert T. N."
      title=  "A Mathematical Model of a Single Main Rotor Helicopter for Piloted Simulation - NASA TM-84281"
      date=   "1982"/>
    <reference
      refID=  "BR59"
      author= "Bramwell, A. R. S."
      title=  "Longitudinal stability and control of the single rotor helicopter - Aeronautical Research Council R&amp;M 3104"
      date=   "1959"/>
    <reference
      refID=  "SH79"
      author= "Shaugnessy, J. D., Deaux, Thomas N., and Yenni, Kenneth R."
      title=  "Development and Validation of a Piloted Simulation of a Helicopter and External Sling Load - NASA TP-1285"
      date=   "1979"/>

    <note> Supersedes former model from 2010-01-12 </note>

    <note> Aerodynamic helicopter model in wind axes.
           Trigonometric functions are used to cover the full alpha/beta range (See /TA82/). </note>

    <note> Wing aerodynamics are calculated in the same manner as in fixed wing aircraft.
           The other contributions use helicopter specific quantities. </note>

    <note> The property 'mixture-cmd-norm' is used to provide collective input. </note>

    <limitation> Due to gear vibrations the model should be run at 200Hz (the cause might be bad design 
                 of the skids, or numerical flutter in the ground reaction routines). </limitation>

    <limitation> Downwash influence is only applied for alpha values between +/- 20 deg
                 (and the opposite direction). </limitation>

    <limitation> Estimation of fuselage moments is rather fair. </limitation>

    <limitation> Landing the vehicle without AFCS can be a challenging task. </limitation>

    <license>
      <licenseName>GPL</licenseName>
      <licenseURL>http://www.gnu.org/licenses/gpl.html</licenseURL>
      <!--
        This model was created using publicly available data, publicly available
        technical reports, textbooks, and guesses. It contains no proprietary or
        restricted data. It has been validated only to the extent that it may seem
        to "fly right", and possibly to comply to published, publicly known, 
        performance data (maximum speed, endurance, etc.).

        This model is distributed in the hope that it will be useful,
        but WITHOUT ANY WARRANTY; without even the implied warranty of
        MERCHANTABILITY or FITNESS FOR A PARTICULAR PURPOSE.  See the
        GNU General Public License for more details.
      -->
    </license>
  </fileheader>

  <metrics>
    <wingarea       unit="FT2">   16.60 </wingarea>         <!-- metrics/Sw-sqft  -->
    <wingspan       unit="FT" >   10.75 </wingspan>         <!-- metrics/bw-ft    -->
    <wing_incidence unit="DEG">    8.50 </wing_incidence>   <!-- metrics/iw-deg   -->
    <chord          unit="FT" >    1.54 </chord>            <!-- metrics/cbarw-ft -->
    <htailarea      unit="FT2">   12.00 </htailarea>        <!-- metrics/Sh-sqft  -->
    <htailarm       unit="FT" >   16.50 </htailarm>         <!-- metrics/lh-ft    -->
    <vtailarea      unit="FT2">   17.85 </vtailarea>        <!-- metrics/Sv-sqft  -->
    <vtailarm       unit="FT" >   25.00 </vtailarm>         <!-- metrics/lv-ft    -->
    <!-- more relevant parameters are given in the aerodynamics section -->

    <location name="AERORP" unit="IN">
       <x> 175.0 </x>
       <y>   0.0 </y>
       <z>  55.0 </z>
    </location>
    <location name="EYEPOINT" unit="IN">
       <x> 121.0 </x>
       <y>   0.0 </y>
       <z>  86.0 </z>
    </location>
    <location name="VRP" unit="IN">
      <x>   0.0 </x>
      <y>   0.0 </y>
      <z>   0.0 </z>
    </location>
  </metrics>

  <mass_balance>
    <ixx unit="SLUG*FT2">    2593.0 </ixx>
    <iyy unit="SLUG*FT2">   14320.0 </iyy>
    <izz unit="SLUG*FT2">   12330.0 </izz>
    <ixz unit="SLUG*FT2">       0.0 </ixz>
    <emptywt unit="LBS" >    8500.0 </emptywt>
    <location name="CG" unit="IN">
      <x>   175.0 </x>
      <y>     0.0 </y>
      <z>    75.0 </z>
    </location>
  </mass_balance>

  <ground_reactions>
    <contact type="BOGEY" name="LEFT_FRONT">
      <location unit="IN">
        <x>    115.90 </x>
        <y>   -42.0 </y>
        <z>    -4.0 </z>
      </location>
      <static_friction>    0.85  </static_friction>
      <dynamic_friction>   0.65  </dynamic_friction>
      <rolling_friction>   0.65  </rolling_friction>
      <spring_coeff unit="LBS/FT">        40000.0 </spring_coeff>
      <damping_coeff unit="LBS/FT/SEC">    7000.0 </damping_coeff>
      <brake_group> NONE </brake_group>
      <max_steer> 0 </max_steer>
    </contact>
    <contact type="BOGEY" name="RIGHT_FRONT">
      <location unit="IN">
        <x>   115.90 </x>
        <y>    42.0 </y>
        <z>    -4.0 </z>
      </location>
      <static_friction>    0.85  </static_friction>
      <dynamic_friction>   0.65  </dynamic_friction>
      <rolling_friction>   0.65  </rolling_friction>
      <spring_coeff unit="LBS/FT">        40000.0 </spring_coeff>
      <damping_coeff unit="LBS/FT/SEC">    7000.0 </damping_coeff>
      <brake_group> NONE </brake_group>
      <max_steer> 0 </max_steer>
    </contact>
    <contact type="BOGEY" name="LEFT_REAR">
      <location unit="IN">
        <x>   235.0 </x>
        <y>   -42.0 </y>
        <z>    -5.0 </z>
      </location>
      <static_friction>    0.85  </static_friction>
      <dynamic_friction>   0.65  </dynamic_friction>
      <rolling_friction>   0.65  </rolling_friction>
      <spring_coeff unit="LBS/FT">        40000.0 </spring_coeff>
      <damping_coeff unit="LBS/FT/SEC">    7000.0 </damping_coeff>
      <brake_group> NONE </brake_group>
      <max_steer> 0 </max_steer>
    </contact>
    <contact type="BOGEY" name="RIGHT_REAR">
      <location unit="IN">
        <x>   235.0 </x>
        <y>    42.0 </y>
        <z>    -5.0 </z>
      </location>
      <static_friction>    0.85  </static_friction>
      <dynamic_friction>   0.65  </dynamic_friction>
      <rolling_friction>   0.65  </rolling_friction>
      <spring_coeff unit="LBS/FT">        40000.0 </spring_coeff>
      <damping_coeff unit="LBS/FT/SEC">    7000.0 </damping_coeff>
      <brake_group> NONE </brake_group>
      <max_steer> 0 </max_steer>
    </contact>
    <contact type="BOGEY" name="REAR_BUMPER">
      <location unit="IN">
        <x>   490.0 </x>
        <y>     0.0 </y>
        <z>    40.0 </z>
      </location>
      <static_friction>    0.85  </static_friction>
      <dynamic_friction>   0.65  </dynamic_friction>
      <rolling_friction>   0.65  </rolling_friction>
      <spring_coeff unit="LBS/FT">         6000.0 </spring_coeff>
      <damping_coeff unit="LBS/FT/SEC">    2000.0 </damping_coeff>
      <brake_group> NONE </brake_group>
      <max_steer> 0 </max_steer>
    </contact>
  </ground_reactions>

  <propulsion>
    <!-- should become avco_lycoming_t53 turboprop_engine -->
    <engine file="electric_1500hp"> 
      <location unit="IN">
        <x>   220.0 </x>
        <y>     0.0 </y>
        <z>    80.0 </z>
      </location>
      <orient unit="DEG">
        <roll>   0.0 </roll>
        <pitch>  0.0 </pitch>
        <yaw>    0.0 </yaw>
      </orient>
      <feed>0</feed>
      <feed>1</feed>
      <thruster file="ah1s_rotor">
        <location unit="IN">
          <x>   179.0 </x>
          <y>     0.0 </y>
          <z>   153.0 </z>
        </location>
        <orient unit="DEG">
          <roll>   0.0 </roll>
          <pitch> 90.0 </pitch>
          <yaw>    0.0 </yaw>
        </orient>
        <sense> 1 </sense>
      </thruster>
    </engine>
    <!-- used for linkage -->
    <engine file="electric_1hp_dummy">
      <location unit="IN">
        <x>   220.0 </x>
        <y>     0.0 </y>
        <z>    80.0 </z>
      </location>
      <orient unit="DEG">
        <roll>   0.0 </roll>
        <pitch>  0.0 </pitch>
        <yaw>    0.0 </yaw>
      </orient>
      <feed>0</feed>
      <feed>1</feed>
      <thruster file="ah1s_tail_rotor">
        <location unit="IN">
          <x> 500.5 </x>
          <y> 0.0 </y>
          <z> 119.0 </z>
        </location>
        <orient unit="DEG">
          <roll>  0.0 </roll>
          <pitch> 0.0 </pitch>
          <yaw>  90.0 </yaw>
        </orient>
        <sense> 1 </sense>
      </thruster>
    </engine>
    <tank type="FUEL" number="0">
      <location unit="IN">
        <x>   155.0 </x>
        <y>     0.0 </y>
        <z>    33.0 </z>
      </location>
      <capacity unit="LBS">    800.0  </capacity>
      <contents unit="LBS">    400.0  </contents>
      <type>JP-4</type>
    </tank>
    <tank type="FUEL" number="1">
      <location unit="IN">
        <x>   195.0 </x>
        <y>     0.0 </y>
        <z>    33.0 </z>
      </location>
      <capacity unit="LBS">    800.0 </capacity>
      <contents unit="LBS">    400.0 </contents>
      <type>JP-4</type>
    </tank>
  </propulsion>


  <system name="governor_decl">
    <property value="324.0"> fcs/nominal-rpm </property>
  </system>

  <system file="rpm_governor"/>

  <system name="control_decl">
    <property value="0.0"> fcs/x-col </property>
    <property value="0.0"> fcs/x-lat </property>
    <property value="0.0"> fcs/x-lon </property>
    <property value="0.0"> fcs/x-ped </property>
  </system>

  <system name="afcs_decl">
    <property value="0.0"> ap/rudder-cmd </property>
    <property value="0.0"> ap/aileron-cmd </property>
    <property value="0.0"> ap/elevator-cmd </property>
    <property value="0.0"> ap/collective-cmd </property>
  </system>

  <system file="afcs"/>


  <flight_control name="ah1s fcs">

    <channel name="collective">
      <lag_filter name="fcs/collective-lag">
        <!-- mixture to collective kludge -->
        <input> fcs/mixture-cmd-norm </input>
        <c1>    5.0 </c1>
      </lag_filter>
      <pure_gain name="fcs/collective-gain">
        <input>  fcs/collective-lag </input>
        <gain>   0.1680 </gain>
        <output> fcs/x-col </output>
      </pure_gain>
      <summer name="fcs/collective-ctrl-rad">
        <input> fcs/x-col </input>
        <input> ap/collective-cmd </input>
        <bias>  0.1900 </bias>
        <clipto>
          <min> 0.0 </min>
          <max> 0.7 </max>
        </clipto>
        <output> propulsion/engine/collective-ctrl-rad </output>
      </summer>
    </channel>

    <channel name="longitudinal">
      <summer name="fcs/longitudinal-cmd-trim-sum">
        <input> fcs/elevator-cmd-norm </input>
        <input> fcs/pitch-trim-cmd-norm </input>
        <clipto>
          <min> -1.0 </min>
          <max>  1.0 </max>
        </clipto>
      </summer>
      <lag_filter name="fcs/longitudinal-lag">
        <input> fcs/longitudinal-cmd-trim-sum </input>
        <c1>   20.0 </c1>
      </lag_filter>
      <pure_gain name="fcs/longitudinal-gain">
        <input>  fcs/longitudinal-lag </input>
        <gain>   0.1500 </gain>
        <output> fcs/x-lon </output>
      </pure_gain>
      <summer name="fcs/longitudinal-ctrl-rad">
        <input> fcs/x-lon </input>
        <input> ap/elevator-cmd </input>
        <bias>  0.0000 </bias>
        <clipto>
          <min> -0.7 </min>
          <max>  0.7 </max>
        </clipto>
        <output> propulsion/engine/longitudinal-ctrl-rad </output>
      </summer>
    </channel>

    <channel name="lateral">
      <summer name="fcs/lateral-cmd-trim-sum">
        <input> fcs/aileron-cmd-norm </input>
        <input> fcs/roll-trim-cmd-norm </input>
        <clipto>
          <min> -1.0 </min>
          <max>  1.0 </max>
        </clipto>
      </summer>
      <lag_filter name="fcs/lateral-lag">
        <input> fcs/lateral-cmd-trim-sum </input>
        <c1>   20.0 </c1>
      </lag_filter>
      <pure_gain name="fcs/lateral-gain">
        <input>  fcs/lateral-lag </input>
        <gain>   0.0490 </gain>
        <output> fcs/x-lat </output>
      </pure_gain>
      <pure_gain name="fcs/lateral-col-mix">
        <input>  fcs/x-col </input>
        <gain>   -0.228 </gain>
      </pure_gain>
      <summer name="fcs/lateral-ctrl-rad">
        <input> fcs/x-lat </input>
        <input> fcs/lateral-col-mix </input>
        <input> ap/aileron-cmd </input>
        <bias>  -0.0037 </bias>
        <clipto>
          <min> -0.7 </min>
          <max>  0.7 </max>
        </clipto>
        <output> propulsion/engine/lateral-ctrl-rad </output>
      </summer>
    </channel>

    <channel name="pedal">
      <summer name="fcs/pedal-cmd-trim-sum">
        <input> fcs/rudder-cmd-norm </input>
        <input> fcs/yaw-trim-cmd-norm </input>
        <clipto>
          <min> -1.0 </min>
          <max>  1.0 </max>
        </clipto>
      </summer>
      <lag_filter name="fcs/pedal-lag">
        <input> fcs/pedal-cmd-trim-sum </input>
        <c1>    20.0 </c1>
      </lag_filter>
      <pure_gain name="fcs/pedal-gain">
        <input>  fcs/pedal-lag </input>
        <gain>   0.1600 </gain> <!-- change sign if mr sense is -1  -->
        <output> fcs/x-ped </output>
      </pure_gain>
      <pure_gain name="fcs/pedal-col-mix">
        <input>  fcs/x-col </input>
        <gain>   0.63 </gain>
      </pure_gain>
      <summer name="fcs/pedal-ctrl-rad">
        <input> fcs/x-ped </input>
        <input> fcs/pedal-col-mix </input>
        <input> ap/rudder-cmd </input>
        <bias>  0.007 </bias>
        <clipto>
          <min> -0.7 </min>
          <max>  0.7 </max>
        </clipto>
        <!-- mind: tail rotor is on engine 1 -->
        <output> propulsion/engine[1]/antitorque-ctrl-rad </output>
      </summer>
    </channel>

    <channel name="tailplane">
      <fcs_function name="fcs/var-incidence-ht-rad">
        <function>
        <description> Variation of horizontal stabilizer incidence with longitudinal 
                      stick position (none right now). </description>
          <table>
            <independentVar>fcs/x-lon</independentVar>
            <tableData>
                -0.3  0.13
                 0.3  0.13
            </tableData>
          </table>
        </function>
      </fcs_function>
    </channel>

  </flight_control>


  <aerodynamics>

    <!-- ============================================================
           Rotor properties used below
         ============================================================ -->

    <!-- NOTE: blade-area = num_blades * chord * radius -->
    <property value=  "22.00"> metrics/rotor/R-ft     </property>
    <property value="1520.53"> metrics/rotor/Area-ft2 </property>
    <property value="0.06511"> metrics/rotor/solitity </property> <!-- blade-area / disk-area -->


    <!-- ============================================================
           Reference properties and non dimensional velocities
         ============================================================ -->

    <property value=  "99.00"> aero/ref/area-ft2   </property> <!-- solitity * Area -->
    <property value="2178.00"> aero/ref/volume-ft3 </property> <!-- solitity * Area * Radius -->
    <property value= "746.44"> aero/ref/vtip-fps   </property> <!-- rotor tip speed, Omega_mr * Radius -->

    <function name="aero/HIhat-ps">  <!-- rho*solitity*Area * Omega*R * R -->
      <description> Dynamic momentum, see /BR59/. </description>
      <product>
        <property> atmosphere/rho-slugs_ft3 </property>
        <property> metrics/rotor/solitity   </property>
        <property> metrics/rotor/Area-ft2   </property>
        <property> aero/ref/vtip-fps        </property>
        <property> metrics/rotor/R-ft       </property>
      </product>
    </function>

    <function name="aero/HWhat-psft">  <!-- rho*solitity*Area * Omega*R * R*R -->
      <description> Dynamic angular momentum, see /BR59/. </description>
      <product>
        <property> atmosphere/rho-slugs_ft3 </property>
        <property> metrics/rotor/solitity   </property>
        <property> metrics/rotor/Area-ft2   </property>
        <property> aero/ref/vtip-fps        </property>
        <property> metrics/rotor/R-ft       </property>
        <property> metrics/rotor/R-ft       </property>
      </product>
    </function>

    <function name="aero/mu">
      <description> Common shortcut for advance ratio. </description>
      <property> propulsion/engine/advance-ratio </property>
    </function>

    <function name="velocities/uhat">
      <description> Non dimensional speed. </description>
      <quotient>
        <property> velocities/u-aero-fps </property>
        <property> aero/ref/vtip-fps     </property>
      </quotient>
    </function>

    <function name="velocities/vhat">
      <description> Non dimensional speed. </description>
      <quotient>
        <property> velocities/v-aero-fps </property>
        <property> aero/ref/vtip-fps     </property>
      </quotient>
    </function>



    <!-- ============================================================
           Downwash incidence and angle normalization
         ============================================================ -->

    <function name="aero/downwash-angle-wing-rad">
      <description> Additional wing incidence angle due to downwash, approximation for low alpha. </description>
      <product>
        <table>
          <independentVar lookup="row"> velocities/vhat </independentVar>
          <independentVar lookup="column"> velocities/uhat </independentVar>
          <tableData>
                   -0.1  -0.07   0.0   0.07  0.1
            -0.1    0.0   0.0    0.0   0.0   0.0
            -0.08   0.0  -2.5   -1.5   0.0   0.0
             0.0    0.0  -2.75  -1.57 -0.4   0.0
             0.08   0.0  -2.5   -1.5   0.0   0.0
             0.1    0.0   0.0    0.0   0.0   0.0
          </tableData>
        </table>
        <cos> <property> aero/alpha-rad </property> </cos>
        <cos> <property> aero/alpha-rad </property> </cos>
      </product>
    </function>

    <function name="aero/raw_alpha_incidence_wing-rad">
      <description> Wing incidence incl. downwash. </description>
      <sum>
        <property> aero/downwash-angle-wing-rad </property>
        <property> aero/alpha-rad </property>
        <property> metrics/iw-rad </property>
      </sum>
    </function>

    <function name="aero/alpha_incidence_wing-rad">
      <description> Normalize to +/- pi. </description>
      <product>
        <value>2.0</value>
        <atan><tan>
          <product>
            <value>0.5</value>
            <property> aero/raw_alpha_incidence_wing-rad </property>
          </product>
        </tan></atan>
      </product>
    </function>

    <function name="aero/downwash-angle-ht-rad">
      <description> Additional tail incidence angle due to downwash, approximation for low alpha. </description>
      <product>
        <table>
          <independentVar lookup="row"> velocities/vhat </independentVar>
          <independentVar lookup="column"> velocities/uhat </independentVar>
          <tableData>
                    -0.1   -0.07   0.02   0.1    0.2    0.35   0.5
            -0.10    0.0    0.0    0.0    0.0    0.0    0.0    0.0
            -0.08    0.0   -0.2   -1.0   -0.220 -0.05  -0.014  0.0
             0.0     0.0   -0.22  -1.050 -0.220 -0.051 -0.018  0.0
             0.08    0.0   -0.2   -1.0   -0.220 -0.05  -0.014  0.0
             0.10    0.0    0.0    0.0    0.0    0.0    0.0    0.0
          </tableData>
        </table>
        <cos> <property> aero/alpha-rad </property> </cos>
        <cos> <property> aero/alpha-rad </property> </cos>
      </product>
    </function>

    <function name="aero/raw_alpha_incidence_ht-rad">
      <description> Horizontal tail incidence incl. downwash. </description>
      <sum>
        <property> aero/downwash-angle-ht-rad </property>
        <property> aero/alpha-rad </property>
        <property> fcs/var-incidence-ht-rad </property>  <!-- 0.13 -->
      </sum>
    </function>

    <function name="aero/alpha_incidence_ht-rad">
      <description> Normalize to +/- pi. </description>
      <product>
        <value>2.0</value>
        <atan><tan>
          <product>
            <value>0.5</value> <property> aero/raw_alpha_incidence_ht-rad </property>
          </product>
        </tan></atan>
      </product>
    </function>


    <!-- ============================================================
           Coefficients
         ============================================================ -->

    <property value= "0.1"  > aero/coefficient/CD0_fus   </property>
    <property value= "0.600"> aero/coefficient/CDa90_fus </property>
    <property value= "1.826"> aero/coefficient/CDb90_fus </property>
    <!-- 
          NOTES: CDx_fus = (projected-area) / (aero/ref/area-ft2) * (0.5 .. 1.0)
                 CD0_fus = 0.1  yield to approx. 170kts at 5000ft and 0.066 to approx. 185kts.
    -->

    <function name="aero/coefficient/Clr_fus">
      <description> Fuselage roll coefficient depending on r. </description>
      <product>
        <value> 0.0845 </value>
        <property> aero/mu </property>
      </product>
    </function>

    <function name="aero/coefficient/CMw_ht">
      <description> Horizontal tail pitch coefficient depending on w (estimated from stability derivative). </description>
      <table>
        <independentVar> aero/mu </independentVar>
        <tableData>
              0.0   0.00
              0.45 -0.07
        </tableData>
      </table>
    </function>

    <function name="aero/coefficient/CMq_ht">
      <description> Horizontal tail pitch coefficient depending on q (estimated from stability derivative). </description>
      <table>
        <independentVar> aero/mu </independentVar>
        <tableData>
            0.0   0.00
            0.45 -0.09
        </tableData>
      </table>
    </function>

    <function name="aero/coefficient/CNv_vt">
      <description> Vertical tail yaw coefficient depending on v (guessed from CMw_ht). </description>
      <table>
        <independentVar> aero/mu </independentVar>
        <tableData>
              0.0   0.00
              0.45  0.07
        </tableData>
      </table>
    </function>

    <function name="aero/coefficient/CNr_vt">
      <description> Vertical tail yaw coefficient depending on r (guessed from CMq_ht). </description>
      <table>
        <independentVar> aero/mu </independentVar>
        <tableData>
            0.0  -0.005 <!-- tweak ! -->
            0.45 -0.09
        </tableData>
      </table>
    </function>

    <function name="aero/coefficient/CLa_wing">
      <description> Wing lift coefficient (a=5.5, CL_max=1.92). </description>
      <product>
        <table>
          <independentVar lookup="row"> aero/alpha_incidence_wing-rad </independentVar>
          <tableData>
             -3.49  -1.92
             -3.14   0.00
             -2.79   1.92
             -2.74   1.92
             -1.83   0.96
             -1.57   0.00
             -1.31  -0.96
             -0.40  -1.92
             -0.35  -1.92
              0.00   0.00
              0.35   1.92
              0.40   1.92
              1.31   0.96
              1.57   0.00
              1.83  -0.96
              2.74  -1.92
              2.79  -1.92
              3.14   0.00
              3.49   1.92
          </tableData>
        </table>
        <!-- diminishing lift with beta -->
        <cos> <property> aero/beta-rad </property> </cos>
        <cos> <property> aero/beta-rad </property> </cos>
      </product>
    </function>

    <function name="aero/coefficient/CLa_ht">
      <description> Horizontal tail lift coefficient (a=3.5, CL_max=1.83). </description>
      <product>
        <table>
          <independentVar lookup="row"> aero/alpha_incidence_ht-rad </independentVar>
          <tableData>
             -3.67  -1.83
             -3.14   0.00
             -2.62   1.83
             -2.57   1.83
             -1.83   0.92
             -1.57   0.00
             -1.31  -0.92
             -0.58  -1.83
             -0.52  -1.83
              0.00   0.00
              0.52   1.83
              0.58   1.83
              1.31   0.92
              1.57   0.00
              1.83  -0.92
              2.57  -1.83
              2.62  -1.83
              3.14   0.00
              3.67   1.83
          </tableData>
        </table>
        <!-- diminishing lift with beta-->
        <cos> <property> aero/beta-rad </property> </cos>
        <cos> <property> aero/beta-rad </property> </cos>
      </product>
    </function>

    <function name="aero/coefficient/CNb_vt">
      <description> Vertical tail side force coefficient (a=3.5, CL_max=1.83). </description>
      <table>
        <independentVar lookup="row"> aero/beta-rad </independentVar>
        <tableData>
           -1.57   0.00
           -1.31  -0.92
           -0.58  -1.83
           -0.52  -1.83
            0.00   0.00
            0.52   1.83
            0.58   1.83
            1.31   0.92
            1.57   0.00
        </tableData>
      </table>
    </function>


    <!-- ============================================================
           The axes
         ============================================================ -->

    <axis name="LIFT">
      <function name="aero/force/La_wing">
        <description> Wing lift due to alpha. </description>
        <product>
          <property> aero/qbar-psf </property>
          <property> metrics/Sw-sqft </property>
          <property> aero/coefficient/CLa_wing </property>
        </product>
      </function>
      <function name="aero/force/L0_fus">
        <description> Fuselage lift at zero incidence. </description>
        <product>
          <property> aero/qbar-psf </property>
          <property> aero/ref/area-ft2 </property>
          <value> -0.05 </value>
          <property> aero/coefficient/CDa90_fus </property>
          <cos> <property> aero/alpha-rad </property> </cos>
          <cos> <property> aero/alpha-rad </property> </cos>
        </product>
      </function>
      <function name="aero/force/La_fus">
        <description> Fuselage lift due to alpha. </description>
        <product>
          <property> aero/qbar-psf </property>
          <property> aero/ref/area-ft2 </property>
          <property> aero/coefficient/CDa90_fus </property>
          <sin> <property> aero/alpha-rad </property> </sin>
          <cos> <property> aero/alpha-rad </property> </cos>
          <sum>
            <value> 0.2 </value>
            <product>
              <sin> <property> aero/alpha-rad </property> </sin>
              <sin> <property> aero/alpha-rad </property> </sin>
            </product>
          </sum>
        </product>
      </function>
    </axis>

    <axis name="DRAG">
      <function name="aero/force/D0_wing">
        <description> Drag on wing at zero lift. </description>
        <product>
          <property> aero/qbar-psf </property>
          <property> metrics/Sw-sqft </property>
          <table>
            <independentVar lookup="row"> aero/alpha_incidence_wing-rad </independentVar>
            <tableData>
             -3.14    0.03
             -1.57    1.500
             -0.26    0.031
              0.00    0.024
              0.26    0.031
              1.57    1.500
              3.14    0.03
            </tableData>
          </table>
        </product>
      </function>
      <function name="aero/force/Di_wing">
        <description> Induced drag on wing. </description>
        <product>
          <property> aero/qbar-psf </property>
          <property> metrics/Sw-sqft </property>
          <property> aero/coefficient/CLa_wing </property>
          <property> aero/coefficient/CLa_wing </property>
          <value> 0.06 </value>
        </product>
      </function>
      <function name="aero/force/D0_fus">
        <description> Fuselage drag. </description>
        <product>
          <property> aero/qbar-psf </property>
          <property> aero/ref/area-ft2 </property>
          <property> aero/coefficient/CD0_fus </property>
        </product>
      </function>
      <function name="aero/force/Da_fus">
        <description> Fuselage drag variation due to alpha. </description>
        <product>
          <property> aero/qbar-psf </property>
          <property> aero/ref/area-ft2 </property>
          <difference>
            <property> aero/coefficient/CDa90_fus </property>
            <property> aero/coefficient/CD0_fus </property>
          </difference>
          <abs>
            <sin> <property> aero/alpha-rad </property> </sin>
          </abs>
          <sin> <property> aero/alpha-rad </property> </sin>
          <sin> <property> aero/alpha-rad </property> </sin>
        </product>
      </function>
      <function name="aero/force/Db_fus">
        <description> Fuselage drag variation due to beta. </description>
        <product>
          <property> aero/qbar-psf </property>
          <property> aero/ref/area-ft2 </property>
          <property> aero/coefficient/CDb90_fus </property>
          <sin> <property> aero/beta-rad </property> </sin>
          <sin> <property> aero/beta-rad </property> </sin>
        </product>
      </function>
    </axis>

    <axis name="SIDE">
      <function name="aero/force/Yb_wing">
        <description> Side force on wing due to beta. </description>
        <product>
          <property> aero/qbar-psf </property>
          <property> metrics/Sw-sqft </property>
          <property> aero/beta-rad </property>
          <value> -1.0 </value>
          <!-- handle large angles -->
          <value> 2.0 </value>
          <sin> <property> aero/beta-rad </property> </sin>
          <cos> <property> aero/beta-rad </property> </cos>
        </product>
      </function>
      <function name="aero/force/Yb_fus">
        <description> Side force on fuselage due to beta. </description>
        <product>
          <property> aero/qbar-psf </property>
          <property> aero/ref/area-ft2 </property>
          <property> aero/coefficient/CDb90_fus </property>
          <value> -0.6 </value>
          <sin> <property> aero/beta-rad </property> </sin>
          <cos> <property> aero/beta-rad </property> </cos>
          <sum>
            <value> 1.0 </value>
            <product>
              <sin> <property> aero/beta-rad </property> </sin>
              <sin> <property> aero/beta-rad </property> </sin>
            </product>
          </sum>
        </product>
      </function>
    </axis>

    <axis name="ROLL">
      <function name="aero/moment/lr_fus">
        <description> Fuselage roll moment due to yaw rate. </description>
        <product>
          <property> aero/HWhat-psft </property>
          <property> aero/coefficient/Clr_fus </property>
          <property> velocities/r-aero-rad_sec </property>
        </product>
      </function>
    </axis>

    <axis name="PITCH">
      <function name="aero/moment/Ma_ht">
        <description> Pitching moment due to tailplane lift. </description>
        <product>
          <property> aero/qbar-psf </property>
          <property> metrics/Sh-sqft </property>
          <property> metrics/lh-ft </property>
          <value>    -1.0 </value>
          <property> aero/coefficient/CLa_ht </property>
        </product>
      </function>
      <function name="aero/moment/Mw_ht">
        <description> Pitching moment due to w. </description>
        <product>
          <property> aero/HIhat-ps </property>
          <property> aero/coefficient/CMw_ht </property>
          <property> velocities/w-aero-fps </property>
        </product>
      </function>
      <function name="aero/moment/Mq_ht">
        <description> Pitching moment due to q. </description>
        <product>
          <property> aero/HWhat-psft </property>
          <property> aero/coefficient/CMq_ht </property>
          <property> velocities/q-aero-rad_sec </property>
        </product>
      </function>
    </axis>

    <axis name="YAW">
      <function name="aero/moment/Nb_vt">
        <description> Yawing moment due to vertical fin. </description>
        <product>
          <property> aero/qbar-psf </property>
          <property> metrics/Sv-sqft </property>
          <property> metrics/lv-ft </property>
          <property> aero/coefficient/CNb_vt </property>
        </product>
      </function>
      <function name="aero/moment/Nv_vt">
        <description> Yawing moment due to v. </description>
        <product>
          <property> aero/HIhat-ps </property>
          <property> aero/coefficient/CNv_vt </property>
          <property> velocities/v-aero-fps </property>
        </product>
      </function>
      <function name="aero/moment/Nr_vt">
        <description> Yawing moment due to r. </description>
        <product>
          <property> aero/HWhat-psft </property>
          <property> aero/coefficient/CNr_vt </property>
          <property> velocities/r-aero-rad_sec </property>
        </product>
      </function>
    </axis>

  </aerodynamics>

  <output name="ah1_log.dat" type="NONE" rate="1">
    <property> aero/mu </property>
    <property> position/h-agl-ft </property>
  </output>

</fdm_config>
