<?xml version="1.0"?>
<!--

  Short S.23 flying boat flight model for JSBSim.

    Copyright (C) 2008 - 2012  Anders Gidenstam  (anders(at)gidenstam.org)

    This program is free software; you can redistribute it and/or modify
    it under the terms of the GNU General Public License as published by
    the Free Software Foundation; either version 2 of the License, or
    (at your option) any later version.
  
    This program is distributed in the hope that it will be useful,
    but WITHOUT ANY WARRANTY; without even the implied warranty of
    MERCHANTABILITY or FITNESS FOR A PARTICULAR PURPOSE.  See the
    GNU General Public License for more details.
  
    You should have received a copy of the GNU General Public License
    along with this program; if not, write to the Free Software
    Foundation, Inc., 59 Temple Place, Suite 330, Boston, MA  02111-1307  USA
  
-->
<system name="engines">

 <documentation>
  Engine controls (from pictures of the engine control box and other sources)
  - Throttle levers
    - fcs/throttle-cmd-norm[0|1|2|3]
  - Mixture levers
    - Might have the positions NORMAL - RICH - +1 PSI - +3 PSI
      Currently mostly behaves as normal for JSBSim.
    - fcs/mixture-cmd-norm[0|1|2|3]
  - Airscrew pitch control levers
    - Has the positions COARSE and FINE. No feathering was available.
    - fcs/advance-cmd-norm[0|1|2|3]
  - Engine cut-out levers
    - Two levers cutting the fuel to the inner and outer engines, respectively.
      Has the positions ON and OFF.
    - fcs/inner-engines-cutoff-cmd-norm
    - fcs/outer-engines-cutoff-cmd-norm
 </documentation>

 <property value="0.0">fcs/throttle-cmd-norm[0]</property>
 <property value="0.0">fcs/throttle-cmd-norm[1]</property>
 <property value="0.0">fcs/throttle-cmd-norm[2]</property>
 <property value="0.0">fcs/throttle-cmd-norm[3]</property>

 <property value="0.0">fcs/advance-cmd-norm[0]</property>
 <property value="0.0">fcs/advance-cmd-norm[1]</property>
 <property value="0.0">fcs/advance-cmd-norm[2]</property>
 <property value="0.0">fcs/advance-cmd-norm[3]</property>

 <property value="0.0">fcs/mixture-cmd-norm[0]</property>
 <property value="0.0">fcs/mixture-cmd-norm[1]</property>
 <property value="0.0">fcs/mixture-cmd-norm[2]</property>
 <property value="0.0">fcs/mixture-cmd-norm[3]</property>

 <property value="0.0">fcs/inner-engines-cutoff-cmd-norm</property>
 <property value="0.0">fcs/outer-engines-cutoff-cmd-norm</property>

 <!-- Starter commands -->
 <property value="0.0">fcs/starter-cmd-norm[0]</property>
 <property value="0.0">fcs/starter-cmd-norm[1]</property>
 <property value="0.0">fcs/starter-cmd-norm[2]</property>
 <property value="0.0">fcs/starter-cmd-norm[3]</property>

 <!-- Starter status -->
 <property value="1.0">propulsion/engine[0]/starter-serviceable</property>
 <property value="1.0">propulsion/engine[1]/starter-serviceable</property>
 <property value="1.0">propulsion/engine[2]/starter-serviceable</property>
 <property value="1.0">propulsion/engine[3]/starter-serviceable</property>

 <!-- Fuel pump status -->
 <property value="1.0">propulsion/engine[0]/fuel-pump-serviceable</property>
 <property value="1.0">propulsion/engine[1]/fuel-pump-serviceable</property>
 <property value="1.0">propulsion/engine[2]/fuel-pump-serviceable</property>
 <property value="1.0">propulsion/engine[3]/fuel-pump-serviceable</property>

 <!-- Auxiliary equipment status -->
 <property value="1.0">propulsion/engine[1]/generator-serviceable</property>
 <property value="1.0">propulsion/engine[1]/servo-oil-pump-serviceable</property>
 <property value="1.0">propulsion/engine[2]/generator-serviceable</property>
 <property value="1.0">propulsion/engine[2]/vacuum-pump-serviceable</property>
 <property value="1.0">propulsion/engine[3]/vacuum-pump-serviceable</property>

 <channel name="Throttle">

  <documentation>
   According to [Cassidy:2004:FE] the Pegasus engines had automatic
   boost and mixture controls. I think take-off boost was only
   available with the mixture levers moved through a gate past the
   RICH position.

   [Cassidy:2004:FE] pp 152:
   "The mixture control check was normally done by the First
    Officer. For each engine in turn, he moved the mixture control
    lever back from NORMAL to RICH -. + 1 lb. sq. in, then through the
    gate to +3 lb. sq. in. and back to NORMAL."

   [Cassidy:2004:FE]: Fuel consumption for "normal" operation varied
   between 107.5 gal. per hour and 118.8 gal. per hour. A good average
   was 115 gal. per hour. Over 141 gal. per hour was considered excessive.
   [Cassidy:2004:FE]: Oil consumption normally varied between
   8 pints to 3 1/2 gallons per hour for a Pegasus engine.
  </documentation>

  <switch name="fcs/boost/throttle-pos-norm[0]">
   <default value="fcs/throttle-cmd-norm[0]"/>
   <test logic="AND" value="0.98">
     fcs/mixture-cmd-norm[0]  LT 0.99
     fcs/throttle-cmd-norm[0] GE 0.99
   </test>
   <output>fcs/throttle-pos-norm[0]</output>
  </switch>
  <switch name="fcs/boost/throttle-pos-norm[1]">
   <default value="fcs/throttle-cmd-norm[1]"/>
   <test logic="AND" value="0.98">
     fcs/mixture-cmd-norm[1]  LT 0.99
     fcs/throttle-cmd-norm[1] GE 0.99
   </test>
   <output>fcs/throttle-pos-norm[1]</output>
  </switch>
  <switch name="fcs/boost/throttle-pos-norm[2]">
   <default value="fcs/throttle-cmd-norm[2]"/>
   <test logic="AND" value="0.98">
     fcs/mixture-cmd-norm[2]  LT 0.99
     fcs/throttle-cmd-norm[2] GE 0.99
   </test>
   <output>fcs/throttle-pos-norm[2]</output>
  </switch>
  <switch name="fcs/boost/throttle-pos-norm[3]">
   <default value="fcs/throttle-cmd-norm[3]"/>
   <test logic="AND" value="0.98">
     fcs/mixture-cmd-norm[3]  LT 0.99
     fcs/throttle-cmd-norm[3] GE 0.99
   </test>
   <output>fcs/throttle-pos-norm[3]</output>
  </switch>

 </channel>

 <channel name="Mixture">
  <documentation>
   "The two engine cut-out control levers were mounted either side of
   the throttle box. The two inner engines were controlled by the
   port side lever, while the starboard lever controlled the two
   outer engines.", [Cassidy:2004:FE]
  </documentation>

  <switch name="fcs/mixture/mixture-pos-norm[0]">
   <default value="fcs/mixture-cmd-norm[0]"/>
   <test logic="AND" value="0.0">
     fcs/outer-engines-cutoff-cmd-norm GE 1.0
   </test>
   <output>fcs/mixture-pos-norm[0]</output>
  </switch>

  <switch name="fcs/mixture/mixture-pos-norm[1]">
   <default value="fcs/mixture-cmd-norm[1]"/>
   <test logic="AND" value="0.0">
     fcs/inner-engines-cutoff-cmd-norm GE 1.0
   </test>
   <output>fcs/mixture-pos-norm[1]</output>
  </switch>

  <switch name="fcs/mixture/mixture-pos-norm[2]">
   <default value="fcs/mixture-cmd-norm[2]"/>
   <test logic="AND" value="0.0">
     fcs/inner-engines-cutoff-cmd-norm GE 1.0
   </test>
   <output>fcs/mixture-pos-norm[2]</output>
  </switch>

  <switch name="fcs/mixture/mixture-pos-norm[3]">
   <default value="fcs/mixture-cmd-norm[3]"/>
   <test logic="AND" value="0.0">
     fcs/outer-engines-cutoff-cmd-norm GE 1.0
   </test>
   <output>fcs/mixture-pos-norm[3]</output>
  </switch>

 </channel>


 <channel name="Boost">

  <documentation>
   Compute MAP boost in PSI for the boost gauges.
   Boost is measured in PSI with normal sealevel pressure as 0.
  </documentation>

  <fcs_function name="propulsion/engine[0]/boost-psi">
   <function>
    <difference>
     <product>
      <value>0.49115415</value>
      <property>propulsion/engine[0]/map-inhg</property>
     </product>
     <value>14.696</value>
    </difference>
   </function>
  </fcs_function>
  <fcs_function name="propulsion/engine[1]/boost-psi">
   <function>
    <difference>
     <product>
      <value>0.49115415</value>
      <property>propulsion/engine[1]/map-inhg</property>
     </product>
     <value>14.696</value>
    </difference>
   </function>
  </fcs_function>
  <fcs_function name="propulsion/engine[2]/boost-psi">
   <function>
    <difference>
     <product>
      <value>0.49115415</value>
      <property>propulsion/engine[2]/map-inhg</property>
     </product>
     <value>14.696</value>
    </difference>
   </function>
  </fcs_function>
  <fcs_function name="propulsion/engine[3]/boost-psi">
   <function>
    <difference>
     <product>
      <value>0.49115415</value>
      <property>propulsion/engine[3]/map-inhg</property>
     </product>
     <value>14.696</value>
    </difference>
   </function>
  </fcs_function>

 </channel>

 <documentation>
   The propeller pitch control only had the settings FINE and COARSE.
 </documentation>
 <channel name="Propeller pitch">

  <switch name="fcs/propeller/blade-angle-norm[0]">
   <default value="0.0"/>
   <test value="1.0">
     fcs/advance-cmd-norm[0] GT 0.5
   </test>
   <output>propulsion/engine[0]/blade-angle</output>
  </switch>

  <switch name="fcs/propeller/blade-angle-norm[1]">
   <default value="0.0"/>
   <test value="1.0">
     fcs/advance-cmd-norm[1] GT 0.5
   </test>
   <output>propulsion/engine[1]/blade-angle</output>
  </switch>

  <switch name="fcs/propeller/blade-angle-norm[2]">
   <default value="0.0"/>
   <test value="1.0">
     fcs/advance-cmd-norm[2] GT 0.5
   </test>
   <output>propulsion/engine[2]/blade-angle</output>
  </switch>

  <switch name="fcs/propeller/blade-angle-norm[3]">
   <default value="0.0"/>
   <test value="1.0">
     fcs/advance-cmd-norm[3] GT 0.5
   </test>
   <output>propulsion/engine[3]/blade-angle</output>
  </switch>

 </channel>

 <documentation>
  The definition inside the engine file cannot write to the starter-norm
  property. Hence it has to be done here.
  See also Engines/eng_PegasusXc.xml and Systems/electrical.xml.
 </documentation>
 <channel name="Engine starters">

  <fcs_function name="tmp/sn[0]">
   <function>
    <property>propulsion/engine[0]/starter-running-norm</property>
   </function>
   <output>propulsion/engine[0]/starter-norm</output>
  </fcs_function>
  <fcs_function name="tmp/sn[1]">
   <function>
    <property>propulsion/engine[1]/starter-running-norm</property>
   </function>
   <output>propulsion/engine[1]/starter-norm</output>
  </fcs_function>
  <fcs_function name="tmp/sn[2]">
   <function>
    <property>propulsion/engine[2]/starter-running-norm</property>
   </function>
   <output>propulsion/engine[2]/starter-norm</output>
  </fcs_function>
  <fcs_function name="tmp/sn[3]">
   <function>
    <property>propulsion/engine[3]/starter-running-norm</property>
   </function>
   <output>propulsion/engine[3]/starter-norm</output>
  </fcs_function>

 </channel>

 <documentation>
  "The fuel pumps were Bristol vane-type Duplex pumps, driven at engine
  speed.", [Cassidy:2004:FE].
 </documentation>
 <channel name="Fuel pumps">

  <fcs_function name="propulsion/engine[0]/fuel-pump-running-norm">
   <function>
    <product>
     <property>propulsion/engine[0]/fuel-pump-serviceable</property>
     <quotient>
      <property>propulsion/engine[0]/engine-rpm</property>
      <value>2600.0</value>
     </quotient>
    </product>
   </function>
  </fcs_function>

  <fcs_function name="propulsion/engine[1]/fuel-pump-running-norm">
   <function>
    <product>
     <property>propulsion/engine[1]/fuel-pump-serviceable</property>
     <quotient>
      <property>propulsion/engine[1]/engine-rpm</property>
      <value>2600.0</value>
     </quotient>
    </product>
   </function>
  </fcs_function>

  <fcs_function name="propulsion/engine[2]/fuel-pump-running-norm">
   <function>
    <product>
     <property>propulsion/engine[2]/fuel-pump-serviceable</property>
     <quotient>
      <property>propulsion/engine[2]/engine-rpm</property>
      <value>2600.0</value>
     </quotient>
    </product>
   </function>
  </fcs_function>

  <fcs_function name="propulsion/engine[3]/fuel-pump-running-norm">
   <function>
    <product>
     <property>propulsion/engine[3]/fuel-pump-serviceable</property>
     <quotient>
      <property>propulsion/engine[3]/engine-rpm</property>
      <value>2600.0</value>
     </quotient>
    </product>
   </function>
  </fcs_function>

 </channel>

 <documentation>
  Engine auxiliaries (from [Short:RN-3-1-37] and [Cassidy:2004:FE])
  - Port Outer
  - Port Inner
    - Rotax generator Dynamo N2 BW, 1000W at 24V
    - Northern oil pump (for the autopilot)
  - Starboard Inner
    - Rotax generator Dynamo N2 BW, 1000W at 24V
    - Romeo vacuum pump
  - Starboard Outer
    - Romeo vaccum pump
 </documentation>
 <property value="41.67">propulsion/engine[1]/generator-max-current-A</property>
 <property value="41.67">propulsion/engine[2]/generator-max-current-A</property>
 <!-- Input from the electrical system. -->
 <property>propulsion/engine[1]/generator-current-A</property>
 <property>propulsion/engine[2]/generator-current-A</property>
 <channel name="Generators">

  <fcs_function name="propulsion/engine[1]/generator-voltage-V">
   <function>
    <product>
     <property>propulsion/engine[1]/generator-serviceable</property>
     <table>
      <independentVar lookup="row">propulsion/engine[1]/engine-rpm</independentVar>
      <tableData> <!-- Guessed. -->
          0 0.00
        800 24.0
       2600 25.0
      </tableData>
     </table>
    </product>
   </function>
  </fcs_function>

  <fcs_function name="propulsion/engine[2]/generator-voltage-V">
   <function>
    <product>
     <property>propulsion/engine[2]/generator-serviceable</property>
     <table>
      <independentVar lookup="row">propulsion/engine[2]/engine-rpm</independentVar>
      <tableData> <!-- Guessed. -->
          0 0.00
        800 24.0
       2600 25.0
      </tableData>
     </table>
    </product>
   </function>
  </fcs_function>

  <fcs_function name="propulsion/engine[1]/generator-power-W">
   <function>
    <product>
     <property>propulsion/engine[1]/generator-voltage-V</property>
     <property>propulsion/engine[1]/generator-current-A</property>
    </product>
   </function>
  </fcs_function>

  <fcs_function name="propulsion/engine[2]/generator-power-W">
   <function>
    <product>
     <property>propulsion/engine[2]/generator-voltage-V</property>
     <property>propulsion/engine[2]/generator-current-A</property>
    </product>
   </function>
  </fcs_function>

 </channel>

</system>
