<?xml version="1.0"?>
<initialize name="reset01">
  <!--
    This file sets up the aircraft to cruise at 143kt indicated at 3000 ft.
  -->
  <ubody unit="KTS">     150.0   </ubody>
  <vbody unit="FT/SEC">    0.0   </vbody>
  <wbody unit="FT/SEC">    0.0   </wbody>
  <latitude unit="DEG">   47.0   </latitude>
  <longitude unit="DEG"> 122.0   </longitude>
  <phi unit="DEG">         0.0   </phi>
  <theta unit="DEG">       0.0   </theta>
  <psi unit="DEG">       180.0   </psi>
  <altitude unit="FT">  3000.0   </altitude>
</initialize>
