<?xml version="1.0"?>
<initialize name="reset03">
  <!--
    This file sets up the aircraft to climb at 104kt indicated from 400 ft.
  -->
  <ubody unit="KTS">     104.0   </ubody>
  <vbody unit="FT/SEC">    0.0   </vbody>
  <wbody unit="FT/SEC">    0.0   </wbody>
  <latitude unit="DEG">   47.0   </latitude>
  <longitude unit="DEG"> 122.0   </longitude>
  <phi unit="DEG">         0.0   </phi>
  <theta unit="DEG">       0.0   </theta>
  <psi unit="DEG">       180.0   </psi>
  <altitude unit="FT">   400.0   </altitude>
</initialize>
