<?xml version="1.0"?>
<?xml-stylesheet type="text/xsl" href="http://jsbsim.sourceforge.net/JSBSim.xsl"?>
<fdm_config name="paraglider" version="2.0" release="BETA"
    xmlns:xsi="http://www.w3.org/2001/XMLSchema-instance"
    xsi:noNamespaceSchemaLocation="http://jsbsim.sourceforge.net/JSBSim.xsd">

    <fileheader>
        <author> Unknown </author>
        <filecreationdate> 2001-01-01 </filecreationdate>
        <version> $Revision: 1.9 $ </version>
        <description> Paraglider </description>
    </fileheader>

    <metrics>
        <wingarea unit="FT2"> 160 </wingarea>
        <wingspan unit="FT"> 20 </wingspan>
        <chord unit="FT"> 8 </chord>
        <htailarea unit="FT2"> 1 </htailarea>
        <htailarm unit="FT"> 1 </htailarm>
        <vtailarea unit="FT2"> 1 </vtailarea>
        <vtailarm unit="FT"> 0 </vtailarm>
        <location name="AERORP" unit="IN">
            <x> 48 </x>
            <y> 0 </y>
            <z> 0 </z>
        </location>
        <location name="EYEPOINT" unit="IN">
            <x> 48 </x>
            <y> 0 </y>
            <z> -120 </z>
        </location>
        <location name="VRP" unit="IN">
            <x> 0 </x>
            <y> 0 </y>
            <z> 0 </z>
        </location>
    </metrics>

    <mass_balance>
        <ixx unit="SLUG*FT2"> 2000 </ixx>
        <iyy unit="SLUG*FT2"> 2000 </iyy>
        <izz unit="SLUG*FT2"> 100 </izz>
        <emptywt unit="LBS"> 200 </emptywt>
        <location name="CG" unit="IN">
            <x> 48 </x>
            <y> 0 </y>
            <z> -144 </z>
        </location>
    </mass_balance>

    <ground_reactions>
        <contact type="BOGEY" name="LMLG">
            <location unit="IN">
                <x> 48 </x>
                <y> -10 </y>
                <z> -180 </z>
            </location>
            <static_friction> 0.8 </static_friction>
            <dynamic_friction> 0.5 </dynamic_friction>
            <rolling_friction> 0.5 </rolling_friction>
            <spring_coeff unit="LBS/FT"> 200 </spring_coeff>
            <damping_coeff unit="LBS/FT/SEC"> 50 </damping_coeff>
            <max_steer unit="DEG"> 0.0 </max_steer>
            <brake_group> NONE </brake_group>
            <retractable>0</retractable>
        </contact>
        <contact type="BOGEY" name="RMLG">
            <location unit="IN">
                <x> 48 </x>
                <y> 10 </y>
                <z> -180 </z>
            </location>
            <static_friction> 0.8 </static_friction>
            <dynamic_friction> 0.5 </dynamic_friction>
            <rolling_friction> 0.5 </rolling_friction>
            <spring_coeff unit="LBS/FT"> 200 </spring_coeff>
            <damping_coeff unit="LBS/FT/SEC"> 50 </damping_coeff>
            <max_steer unit="DEG"> 0.0 </max_steer>
            <brake_group> NONE </brake_group>
            <retractable>0</retractable>
        </contact>
        <contact type="BOGEY" name="NOSE_LG">
            <location unit="IN">
                <x> 30 </x>
                <y> 0 </y>
                <z> -180 </z>
            </location>
            <static_friction> 0.8 </static_friction>
            <dynamic_friction> 0.5 </dynamic_friction>
            <rolling_friction> 0.5 </rolling_friction>
            <spring_coeff unit="LBS/FT"> 200 </spring_coeff>
            <damping_coeff unit="LBS/FT/SEC"> 50 </damping_coeff>
            <max_steer unit="DEG"> 80 </max_steer>
            <brake_group> NONE </brake_group>
            <retractable>0</retractable>
        </contact>
    </ground_reactions>
    <propulsion>
    </propulsion>
    <flight_control name="FCS: paraglider_FCS">
        <channel name="Pitch">
            <summer name="Pitch Trim Sum">
                <input>fcs/elevator-cmd-norm</input>
                <input>fcs/pitch-trim-cmd-norm</input>
                <clipto>
                    <min>-1</min>
                    <max>1</max>
                </clipto>
            </summer>

            <aerosurface_scale name="Elevator Control">
                <input>fcs/pitch-trim-sum</input>
                <gain>0.018</gain>
                <range>
                    <min>-25</min>
                    <max>35</max>
                </range>
                <output>fcs/elevator-pos-rad</output>
            </aerosurface_scale>
        </channel>
        <channel name="Roll">
            <summer name="Roll Trim Sum">
                <input>fcs/aileron-cmd-norm</input>
                <input>fcs/roll-trim-cmd-norm</input>
                <clipto>
                    <min>-1</min>
                    <max>1</max>
                </clipto>
            </summer>

            <aerosurface_scale name="Left Aileron Control">
                <input>fcs/roll-trim-sum</input>
                <gain>0.02</gain>
                <range>
                    <min>-20</min>
                    <max>15</max>
                </range>
                <output>fcs/left-aileron-pos-rad</output>
            </aerosurface_scale>

            <aerosurface_scale name="Right Aileron Control">
                <input>-fcs/roll-trim-sum</input>
                <gain>0.02</gain>
                <range>
                    <min>-20</min>
                    <max>15</max>
                </range>
                <output>fcs/right-aileron-pos-rad</output>
            </aerosurface_scale>
        </channel>
    </flight_control>
    <aerodynamics>

        <axis name="DRAG">
            <function name="aero/coefficient/CD0">
                <description>Drag_at_zero_lift</description>
                <product>
                    <property>aero/qbar-psf</property>
                    <property>metrics/Sw-sqft</property>
                    <value>0.05</value>
                </product>
            </function>
            <function name="aero/coefficient/CDalpha">
                <description>Drag_due_to_alpha</description>
                <product>
                    <property>aero/qbar-psf</property>
                    <property>metrics/Sw-sqft</property>
                    <property>aero/alpha-rad</property>
                    <value>0.5</value>
                </product>
            </function>
            <function name="aero/coefficient/CDde">
                <description>Drag_due_to_Elevator_Deflection</description>
                <product>
                    <property>aero/qbar-psf</property>
                    <property>metrics/Sw-sqft</property>
                    <property>fcs/elevator-pos-norm</property>
                    <value>0.03</value>
                </product>
            </function>
        </axis>

        <axis name="LIFT">
            <function name="aero/coefficient/CLalpha">
                <description>Lift_due_to_alpha</description>
                <product>
                    <property>aero/qbar-psf</property>
                    <property>metrics/Sw-sqft</property>
                    <property>aero/alpha-rad</property>
                    <value>10</value>
                </product>
            </function>
        </axis>

        <axis name="ROLL">
            <function name="aero/coefficient/Clt">
                <description>Roll_moment_due_to_roll_angle</description>
                <product>
                    <property>aero/qbar-psf</property>
                    <property>metrics/Sw-sqft</property>
                    <property>metrics/bw-ft</property>
                    <property>aero/bi2vel</property>
                    <property>velocities/p-aero-rad_sec</property>
                    <value>-5</value>
                </product>
            </function>
            <function name="aero/coefficient/Clp">
                <description>Roll_moment_due_to_roll_rate</description>
                <product>
                    <property>aero/qbar-psf</property>
                    <property>metrics/Sw-sqft</property>
                    <property>metrics/bw-ft</property>
                    <property>aero/bi2vel</property>
                    <property>velocities/p-aero-rad_sec</property>
                    <value>-3</value>
                </product>
            </function>
            <function name="aero/coefficient/Clda">
                <description>Roll_moment_due_to_aileron</description>
                <product>
                    <property>aero/qbar-psf</property>
                    <property>metrics/Sw-sqft</property>
                    <property>metrics/bw-ft</property>
                    <property>fcs/left-aileron-pos-rad</property>
                    <value>0.2</value>
                </product>
            </function>
        </axis>

        <axis name="PITCH">
            <function name="aero/coefficient/Cmalpha">
                <description>Pitch_moment_due_to_alpha</description>
                <product>
                    <property>aero/qbar-psf</property>
                    <property>metrics/Sw-sqft</property>
                    <property>metrics/cbarw-ft</property>
                    <property>aero/alpha-rad</property>
                    <value>-3</value>
                </product>
            </function>
            <function name="aero/coefficient/Cmde">
                <description>Pitch_moment_due_to_elevator</description>
                <product>
                    <property>aero/qbar-psf</property>
                    <property>metrics/Sw-sqft</property>
                    <property>metrics/cbarw-ft</property>
                    <property>fcs/elevator-pos-rad</property>
                    <value>-2</value>
                </product>
            </function>
            <function name="aero/coefficient/Cmq">
                <description>Pitch_moment_due_to_pitch_rate</description>
                <product>
                    <property>aero/qbar-psf</property>
                    <property>metrics/Sw-sqft</property>
                    <property>metrics/cbarw-ft</property>
                    <property>aero/ci2vel</property>
                    <property>velocities/q-aero-rad_sec</property>
                    <value>-30</value>
                </product>
            </function>
        </axis>
    </aerodynamics>
</fdm_config>
