<?xml version="1.0"?>
<!--
  File:     IO470D.xml
  Author:   Aero-Matic v 0.8

  Inputs:
    name:           IO470D
    type:           piston
    power:          260.0 hp
    augmented?      no
    injected?       no
-->

<piston_engine name="IO470D">
  <minmp unit="INHG">         10.0 </minmp>
  <maxmp unit="INHG">         28.5 </maxmp>
  <displacement unit="IN3">  470.0 </displacement>
  <maxhp>        260.00 </maxhp>
  <cycles>         4.0 </cycles>
  <idlerpm>      900.0 </idlerpm>
  <maxrpm>      2700.0 </maxrpm>
  <maxthrottle>    1.0 </maxthrottle>
  <minthrottle>    0.1 </minthrottle>
  <sparkfaildrop>  0.0 </sparkfaildrop>
</piston_engine>
