<?xml version="1.0"?>
<?xml-stylesheet type="text/xsl" href="http://jsbsim.sourceforge.net/JSBSim.xsl"?>
<fdm_config name="A-4" version="2.0" release="ALPHA"
   xmlns:xsi="http://www.w3.org/2001/XMLSchema-instance"
   xsi:noNamespaceSchemaLocation="http://jsbsim.sourceforge.net/JSBSim.xsd">

 <fileheader>
  <author> Aeromatic v 0.9 </author>
  <filecreationdate>2000-01-01</filecreationdate>
  <version> 0.0 </version>
  <description> Models a A-4. </description>
 </fileheader>

<!--
  File:     A-4.xml
  Inputs:
    name:          A-4
    type:          single-engine transonic/supersonic fighter
    max weight:    22500.0 lb
    wing span:     27.5 ft
    length:        41.71 ft
    wing area:     260 sq-ft
    gear type:     tricycle
    retractable?:  yes
    # engines:     1
    engine type:   turbine
    engine layout: aft fuselage
    yaw damper?    yes
  Outputs:
    wing loading:  86.54 lb/sq-ft
    CL-alpha:      3.5 per radian
    CL-0:          0.08
    CL-max:        1
    CD-0:          0.021
    K:             0.09

-->

 <metrics>
   <wingarea  unit="FT2">  260.00 </wingarea>
   <wingspan  unit="FT" >   27.50 </wingspan>
   <wing_incidence>          2.00 </wing_incidence>
   <chord     unit="FT" >    9.45 </chord>
   <htailarea unit="FT2">   52.00 </htailarea>
   <htailarm  unit="FT" >   16.68 </htailarm>
   <vtailarea unit="FT2">   31.20 </vtailarea>
   <vtailarm  unit="FT" >   16.68 </vtailarm>
   <location name="AERORP" unit="IN">
     <x> 300.31 </x>
     <y>   0.00 </y>
     <z>   0.00 </z>
   </location>
   <location name="EYEPOINT" unit="IN">
     <x> 100.10 </x>
     <y>   0.00 </y>
     <z>  36.00 </z>
   </location>
   <location name="VRP" unit="IN">
     <x>0</x>
     <y>0</y>
     <z>0</z>
   </location>
 </metrics>

 <mass_balance>
   <ixx unit="SLUG*FT2">      5778 </ixx>
   <iyy unit="SLUG*FT2">     25900 </iyy>
   <izz unit="SLUG*FT2">     20082 </izz>
   <ixy unit="SLUG*FT2">         0 </ixy>
   <ixz unit="SLUG*FT2">         0 </ixz>
   <iyz unit="SLUG*FT2">         0 </iyz>
   <emptywt unit="LBS" >     10250 </emptywt>
   <location name="CG" unit="IN">
     <x> 300.31 </x>
     <y>   0.00 </y>
     <z> -12.51 </z>
   </location>
 </mass_balance>

 <ground_reactions>

  <contact type="BOGEY" name="NOSE">
   <location unit="IN">
     <x>  65.07 </x>
     <y>   0.00 </y>
     <z> -60.06 </z>
   </location>
   <static_friction>  0.80 </static_friction>
   <dynamic_friction> 0.50 </dynamic_friction>
   <rolling_friction> 0.02 </rolling_friction>
   <spring_coeff unit="LBS/FT">       6750.00 </spring_coeff>
   <damping_coeff unit="LBS/FT/SEC">  2250.00 </damping_coeff>
   <max_steer unit="DEG"> 5.00 </max_steer>
   <brake_group>NONE</brake_group>
   <retractable>1</retractable>
 </contact>

  <contact type="BOGEY" name="LEFT_MAIN">
   <location unit="IN">
     <x> 312.32 </x>
     <y> -29.70 </y>
     <z> -60.06 </z>
   </location>
   <static_friction>  0.80 </static_friction>
   <dynamic_friction> 0.50 </dynamic_friction>
   <rolling_friction> 0.02 </rolling_friction>
   <spring_coeff unit="LBS/FT">      22500.00 </spring_coeff>
   <damping_coeff unit="LBS/FT/SEC">  4500.00 </damping_coeff>
   <max_steer unit="DEG">0</max_steer>
   <brake_group>LEFT</brake_group>
   <retractable>1</retractable>
 </contact>

  <contact type="BOGEY" name="RIGHT_MAIN">
   <location unit="IN">
     <x> 312.32 </x>
     <y>  29.70 </y>
     <z> -60.06 </z>
   </location>
   <static_friction>  0.80 </static_friction>
   <dynamic_friction> 0.50 </dynamic_friction>
   <rolling_friction> 0.02 </rolling_friction>
   <spring_coeff unit="LBS/FT">      22500.00 </spring_coeff>
   <damping_coeff unit="LBS/FT/SEC">  4500.00 </damping_coeff>
   <max_steer unit="DEG">0</max_steer>
   <brake_group>RIGHT</brake_group>
   <retractable>1</retractable>
 </contact>

  <contact type="STRUCTURE" name="LEFT_WING">
    <location unit="IN">
     <x> 300.31 </x>
     <y> -13.75 </y>
     <z> -12.51 </z>
    </location>
    <static_friction>  0.80 </static_friction>
    <dynamic_friction> 0.50 </dynamic_friction>
    <spring_coeff unit="LBS/FT">      22500.00 </spring_coeff>
    <damping_coeff unit="LBS/FT/SEC">  4500.00 </damping_coeff>
 </contact>

  <contact type="STRUCTURE" name="RIGHT_WING">
    <location unit="IN">
     <x> 300.31 </x>
     <y>  13.75 </y>
     <z> -12.51 </z>
    </location>
    <static_friction>  0.80 </static_friction>
    <dynamic_friction> 0.50 </dynamic_friction>
    <spring_coeff unit="LBS/FT">      22500.00 </spring_coeff>
    <damping_coeff unit="LBS/FT/SEC">  4500.00 </damping_coeff>
 </contact>

 </ground_reactions>

 <propulsion>

   <engine file="J52">
    <location unit="IN">
      <x> 440.52 </x>
      <y>   0.00 </y>
      <z>   0.00 </z>
    </location>
    <orient unit="DEG">
      <pitch> 0.00 </pitch>
      <roll>   0.00 </roll>
      <yaw>   0.00 </yaw>
    </orient>
    <feed>0</feed>
    <thruster file="direct">
     <location unit="IN">
       <x> 440.52 </x>
       <y>   0.00 </y>
       <z>   0.00 </z>
     </location>
     <orient unit="DEG">
       <pitch> 0.00 </pitch>
       <roll>   0.00 </roll>
       <yaw>   0.00 </yaw>
     </orient>
    </thruster>
  </engine>

  <tank type="FUEL" number="0">
     <location unit="IN">
       <x> 300.31 </x>
       <y>   0.00 </y>
       <z> -12.51 </z>
     </location>
     <capacity unit="LBS"> 3000.00 </capacity>
     <contents unit="LBS"> 3000.00 </contents>
  </tank>

 </propulsion>

 <flight_control name="FCS: A-4">

  <channel name="Pitch">
   <summer name="Pitch Trim Sum">
      <input>fcs/elevator-cmd-norm</input>
      <input>fcs/pitch-trim-cmd-norm</input>
      <clipto>
        <min> -1 </min>
        <max>  1 </max>
      </clipto>
   </summer>

   <aerosurface_scale name="Elevator Control">
      <input>fcs/pitch-trim-sum</input>
      <range>
        <min> -0.35 </min>
        <max>  0.30 </max>
      </range>
      <output>fcs/elevator-pos-rad</output>
   </aerosurface_scale>

  </channel>

  <channel name="Roll">
   <summer name="Roll Trim Sum">
      <input>fcs/aileron-cmd-norm</input>
      <input>fcs/roll-trim-cmd-norm</input>
      <clipto>
        <min> -1 </min>
        <max>  1 </max>
      </clipto>
   </summer>

   <aerosurface_scale name="Left Aileron Control">
      <input>fcs/roll-trim-sum</input>
      <range>
        <min> -0.35 </min>
        <max>  0.35 </max>
      </range>
      <output>fcs/left-aileron-pos-rad</output>
   </aerosurface_scale>

   <aerosurface_scale name="Right Aileron Control">
      <input>fcs/roll-trim-sum</input>
      <range>
        <min> -0.35 </min>
        <max>  0.35 </max>
      </range>
      <output>fcs/right-aileron-pos-rad</output>
   </aerosurface_scale>

  </channel>

  <channel name="Yaw">
   <summer name="Rudder Command Sum">
      <input>fcs/rudder-cmd-norm</input>
      <input>fcs/yaw-trim-cmd-norm</input>
      <clipto>
        <min> -0.35 </min>
        <max>  0.35 </max>
      </clipto>
   </summer>

   <scheduled_gain name="Yaw Damper Rate">
      <input>velocities/r-aero-rad_sec</input>
      <table>
        <independentVar lookup="row">velocities/ve-kts</independentVar>
         <tableData>
            30     0.00
            60     2.00
         </tableData>
      </table>
   </scheduled_gain>

   <scheduled_gain name="Yaw Damper Beta">
      <input>aero/beta-rad</input>
      <table>
        <independentVar lookup="row">velocities/ve-kts</independentVar>
        <tableData>
           30     0.00
           60     0.00
        </tableData>
      </table>
   </scheduled_gain>

   <summer name="Yaw Damper Sum">
      <input>fcs/yaw-damper-beta</input>
      <input>fcs/yaw-damper-rate</input>
      <clipto>
        <min> -0.1 </min>
        <max>  0.1 </max>
      </clipto>
   </summer>

   <scheduled_gain name="Yaw Damper Final">
      <input>fcs/yaw-damper-sum</input>
      <table>
        <independentVar lookup="row">velocities/ve-kts</independentVar>
        <tableData>
           30         0.0
           31         1.0
        </tableData>
      </table>
   </scheduled_gain>

   <summer name="Rudder Sum">
      <input>fcs/rudder-command-sum</input>
      <input>fcs/yaw-damper-final</input>
      <clipto>
        <min> -1 </min>
        <max>  1 </max>
      </clipto>
   </summer>

   <aerosurface_scale name="Rudder Control">
      <input>fcs/rudder-sum</input>
      <range>
        <min> -0.35 </min>
        <max>  0.35 </max>
      </range>
      <output>fcs/rudder-pos-rad</output>
   </aerosurface_scale>

  </channel>

  <channel name="Flaps">
   <kinematic name="Flaps Control">
     <input>fcs/flap-cmd-norm</input>
     <traverse>
       <setting>
          <position>  0 </position>
          <time>      0 </time>
       </setting>
       <setting>
          <position> 15 </position>
          <time>      4 </time>
       </setting>
       <setting>
          <position> 30 </position>
          <time>      3 </time>
       </setting>
     </traverse>
     <output>fcs/flap-pos-deg</output>
   </kinematic>

  </channel>

  <channel name="Landing Gear">
   <kinematic name="Gear Control">
     <input>gear/gear-cmd-norm</input>
     <traverse>
       <setting>
          <position> 0 </position>
          <time>     0 </time>
       </setting>
       <setting>
          <position> 1 </position>
          <time>     5 </time>
       </setting>
     </traverse>
     <output>gear/gear-pos-norm</output>
   </kinematic>

  </channel>

  <channel name="Speedbrake">
   <kinematic name="Speedbrake Control">
     <input>fcs/speedbrake-cmd-norm</input>
     <traverse>
       <setting>
          <position> 0 </position>
          <time>     0 </time>
       </setting>
       <setting>
          <position> 1 </position>
          <time>     1 </time>
       </setting>
     </traverse>
     <output>fcs/speedbrake-pos-norm</output>
   </kinematic>

  </channel>

 </flight_control>

 <aerodynamics>

  <axis name="LIFT">

    <function name="aero/coefficient/CLalpha">
      <description>Lift_due_to_alpha</description>
      <product>
          <property>aero/qbar-psf</property>
          <property>metrics/Sw-sqft</property>
          <table>
            <independentVar lookup="row">aero/alpha-rad</independentVar>
            <tableData>
              -0.20 -0.620
               0.00  0.080
               0.26  1.000
               0.60  0.448
            </tableData>
          </table>
      </product>
    </function>

    <function name="aero/coefficient/dCLflap">
       <description>Delta_Lift_due_to_flaps</description>
       <product>
           <property>aero/qbar-psf</property>
           <property>metrics/Sw-sqft</property>
           <property>fcs/flap-pos-deg</property>
           <value> 0.01167 </value>
       </product>
    </function>

    <function name="aero/coefficient/dCLsb">
       <description>Delta_Lift_due_to_speedbrake</description>
       <product>
           <property>aero/qbar-psf</property>
           <property>metrics/Sw-sqft</property>
           <property>fcs/speedbrake-pos-norm</property>
           <value>0</value>
       </product>
    </function>

    <function name="aero/coefficient/CLde">
       <description>Lift_due_to_Elevator_Deflection</description>
       <product>
           <property>aero/qbar-psf</property>
           <property>metrics/Sw-sqft</property>
           <property>fcs/elevator-pos-rad</property>
           <value>0.2</value>
       </product>
    </function>

  </axis>

  <axis name="DRAG">

    <function name="aero/coefficient/CD0">
       <description>Drag_at_zero_lift</description>
       <product>
          <property>aero/qbar-psf</property>
          <property>metrics/Sw-sqft</property>
          <table>
            <independentVar lookup="row">aero/alpha-rad</independentVar>
            <tableData>
             -1.57       1.500
             -0.26    0.027
              0.00    0.021
              0.26    0.027
              1.57       1.500
            </tableData>
          </table>
       </product>
    </function>

    <function name="aero/coefficient/CDi">
       <description>Induced_drag</description>
         <product>
           <property>aero/qbar-psf</property>
           <property>metrics/Sw-sqft</property>
           <property>aero/cl-squared</property>
           <value>0.09</value>
         </product>
    </function>

    <function name="aero/coefficient/CDmach">
       <description>Drag_due_to_mach</description>
        <product>
          <property>aero/qbar-psf</property>
          <property>metrics/Sw-sqft</property>
          <table>
            <independentVar lookup="row">velocities/mach</independentVar>
            <tableData>
                0.00      0.000
                0.81      0.000
                1.10      0.023
                1.80      0.015
            </tableData>
          </table>
        </product>
    </function>

    <function name="aero/coefficient/CDflap">
       <description>Drag_due_to_flaps</description>
         <product>
           <property>aero/qbar-psf</property>
           <property>metrics/Sw-sqft</property>
           <property>fcs/flap-pos-deg</property>
           <value> 0.00267 </value>
         </product>
    </function>

    <function name="aero/coefficient/CDgear">
       <description>Drag_due_to_gear</description>
         <product>
           <property>aero/qbar-psf</property>
           <property>metrics/Sw-sqft</property>
           <property>gear/gear-pos-norm</property>
           <value>0.02</value>
         </product>
    </function>

    <function name="aero/coefficient/CDsb">
       <description>Drag_due_to_speedbrakes</description>
         <product>
           <property>aero/qbar-psf</property>
           <property>metrics/Sw-sqft</property>
           <property>fcs/speedbrake-pos-norm</property>
           <value>0.021</value>
         </product>
    </function>

    <function name="aero/coefficient/CDbeta">
       <description>Drag_due_to_sideslip</description>
       <product>
          <property>aero/qbar-psf</property>
          <property>metrics/Sw-sqft</property>
          <table>
            <independentVar lookup="row">aero/beta-rad</independentVar>
            <tableData>
              -1.57       1.230
              -0.26    0.050
               0.00       0.000
               0.26    0.050
               1.57       1.230
            </tableData>
          </table>
       </product>
    </function>

    <function name="aero/coefficient/CDde">
       <description>Drag_due_to_Elevator_Deflection</description>
       <product>
           <property>aero/qbar-psf</property>
           <property>metrics/Sw-sqft</property>
           <property>fcs/elevator-pos-norm</property>
           <value>0.04</value>
       </product>
    </function>

  </axis>

  <axis name="SIDE">

    <function name="aero/coefficient/CYb">
       <description>Side_force_due_to_beta</description>
       <product>
           <property>aero/qbar-psf</property>
           <property>metrics/Sw-sqft</property>
           <property>aero/beta-rad</property>
           <value>-1</value>
       </product>
    </function>

  </axis>

  <axis name="ROLL">

    <function name="aero/coefficient/Clb">
       <description>Roll_moment_due_to_beta</description>
       <product>
           <property>aero/qbar-psf</property>
           <property>metrics/Sw-sqft</property>
           <property>metrics/bw-ft</property>
           <property>aero/beta-rad</property>
           <value>-0.1</value>
       </product>
    </function>

    <function name="aero/coefficient/Clp">
       <description>Roll_moment_due_to_roll_rate</description>
       <product>
           <property>aero/qbar-psf</property>
           <property>metrics/Sw-sqft</property>
           <property>metrics/bw-ft</property>
           <property>aero/bi2vel</property>
           <property>velocities/p-aero-rad_sec</property>
           <value>-0.4</value>
       </product>
    </function>

    <function name="aero/coefficient/Clr">
       <description>Roll_moment_due_to_yaw_rate</description>
       <product>
           <property>aero/qbar-psf</property>
           <property>metrics/Sw-sqft</property>
           <property>metrics/bw-ft</property>
           <property>aero/bi2vel</property>
           <property>velocities/r-aero-rad_sec</property>
           <value>0.15</value>
       </product>
    </function>

    <function name="aero/coefficient/Clda">
       <description>Roll_moment_due_to_aileron</description>
       <product>
          <property>aero/qbar-psf</property>
          <property>metrics/Sw-sqft</property>
          <property>metrics/bw-ft</property>
          <property>fcs/left-aileron-pos-rad</property>
          <table>
            <independentVar lookup="row">velocities/mach</independentVar>
            <tableData>
              0.0    0.110
              2.0    0.037
            </tableData>
          </table>
       </product>
    </function>

    <function name="aero/coefficient/Cldr">
       <description>Roll_moment_due_to_rudder</description>
       <product>
           <property>aero/qbar-psf</property>
           <property>metrics/Sw-sqft</property>
           <property>metrics/bw-ft</property>
           <property>fcs/rudder-pos-rad</property>
           <value>0.01</value>
       </product>
    </function>

  </axis>

  <axis name="PITCH">

    <function name="aero/coefficient/Cmalpha">
       <description>Pitch_moment_due_to_alpha</description>
       <product>
           <property>aero/qbar-psf</property>
           <property>metrics/Sw-sqft</property>
           <property>metrics/cbarw-ft</property>
           <property>aero/alpha-rad</property>
           <value>-0.38</value>
       </product>
    </function>

    <function name="aero/coefficient/Cmde">
       <description>Pitch_moment_due_to_elevator</description>
       <product>
          <property>aero/qbar-psf</property>
          <property>metrics/Sw-sqft</property>
          <property>metrics/cbarw-ft</property>
          <property>fcs/elevator-pos-rad</property>
          <table>
            <independentVar lookup="row">velocities/mach</independentVar>
            <tableData>
              0.0     -0.500
              2.0     -0.200
            </tableData>
          </table>
       </product>
    </function>

    <function name="aero/coefficient/Cmq">
       <description>Pitch_moment_due_to_pitch_rate</description>
       <product>
           <property>aero/qbar-psf</property>
           <property>metrics/Sw-sqft</property>
           <property>metrics/cbarw-ft</property>
           <property>aero/ci2vel</property>
           <property>velocities/q-aero-rad_sec</property>
           <value>-3.6</value>
       </product>
    </function>

    <function name="aero/coefficient/Cmadot">
       <description>Pitch_moment_due_to_alpha_rate</description>
       <product>
           <property>aero/qbar-psf</property>
           <property>metrics/Sw-sqft</property>
           <property>metrics/cbarw-ft</property>
           <property>aero/ci2vel</property>
           <property>aero/alphadot-rad_sec</property>
           <value>-1.1</value>
       </product>
    </function>

  </axis>

  <axis name="YAW">

    <function name="aero/coefficient/Cnb">
       <description>Yaw_moment_due_to_beta</description>
       <product>
           <property>aero/qbar-psf</property>
           <property>metrics/Sw-sqft</property>
           <property>metrics/bw-ft</property>
           <property>aero/beta-rad</property>
           <value>0.12</value>
       </product>
    </function>

    <function name="aero/coefficient/Cnr">
       <description>Yaw_moment_due_to_yaw_rate</description>
       <product>
           <property>aero/qbar-psf</property>
           <property>metrics/Sw-sqft</property>
           <property>metrics/bw-ft</property>
           <property>aero/bi2vel</property>
           <property>velocities/r-aero-rad_sec</property>
           <value>-0.15</value>
       </product>
    </function>

    <function name="aero/coefficient/Cndr">
       <description>Yaw_moment_due_to_rudder</description>
       <product>
           <property>aero/qbar-psf</property>
           <property>metrics/Sw-sqft</property>
           <property>metrics/bw-ft</property>
           <property>fcs/rudder-pos-rad</property>
           <value>-0.1</value>
       </product>
    </function>

    <function name="aero/coefficient/Cnda">
       <description>Adverse_yaw</description>
       <product>
           <property>aero/qbar-psf</property>
           <property>metrics/Sw-sqft</property>
           <property>metrics/bw-ft</property>
           <property>fcs/left-aileron-pos-rad</property>
           <value>0</value>
       </product>
    </function>

  </axis>

 </aerodynamics>

</fdm_config>
