<?xml version="1.0"?>
<output name="fcs.csv" type="CSV" rate="20">
  <fcs> ON </fcs>
  <property> fcs/aileron-cmd-norm </property>
  <property> fcs/elevator-cmd-norm </property>
  <property> fcs/rudder-cmd-norm </property>
  <property> fcs/flap-cmd-norm </property>
  <property> fcs/speedbrake-cmd-norm </property>
  <property> fcs/spoiler-cmd-norm </property>
  <property> fcs/pitch-trim-cmd-norm </property>
  <property> fcs/roll-trim-cmd-norm </property>
  <property> fcs/yaw-trim-cmd-norm </property>
  <property> fcs/left-aileron-pos-rad </property>
  <property> fcs/left-aileron-pos-deg </property>
  <property> fcs/left-aileron-pos-norm </property>
  <property> fcs/mag-left-aileron-pos-rad </property>
  <property> fcs/right-aileron-pos-rad </property>
  <property> fcs/right-aileron-pos-deg </property>
  <property> fcs/right-aileron-pos-norm </property>
  <property> fcs/mag-right-aileron-pos-rad </property>
  <property> fcs/elevator-pos-rad </property>
  <property> fcs/elevator-pos-deg </property>
  <property> fcs/elevator-pos-norm </property>
  <property> fcs/mag-elevator-pos-rad </property>
  <property> fcs/rudder-pos-rad </property>
  <property> fcs/rudder-pos-deg </property>
  <property> fcs/rudder-pos-norm </property>
  <property> fcs/mag-rudder-pos-rad </property>
  <property> fcs/flap-pos-rad </property>
  <property> fcs/flap-pos-deg </property>
  <property> fcs/flap-pos-norm </property>
  <property> fcs/speedbrake-pos-rad </property>
  <property> fcs/speedbrake-pos-deg </property>
  <property> fcs/speedbrake-pos-norm </property>
  <property> fcs/mag-speedbrake-pos-rad </property>
  <property> fcs/spoiler-pos-rad </property>
  <property> fcs/spoiler-pos-deg </property>
  <property> fcs/spoiler-pos-norm </property>
  <property> fcs/mag-spoiler-pos-rad </property>
  <property> gear/gear-pos-norm </property>
  <property> gear/gear-cmd-norm </property>
  <property> fcs/left-brake-cmd-norm </property>
  <property> fcs/right-brake-cmd-norm </property>
  <property> fcs/center-brake-cmd-norm </property>
  <property> fcs/steer-cmd-norm </property>
  <property> gear/tailhook-pos-norm </property>
  <property> fcs/wing-fold-pos-norm </property>
</output>
